{
    "Comment": "Call my test API",
    "StartAt": "CallAPI",
    "States": {
      "CallAPI": {
        "Type": "Task",
        "Resource": "arn:aws:states:::apigateway:invoke",
        "Parameters": {
          "Method": "POST",
          "RequestBody": {
            "Payload.$": "$.data"
          },
          "AuthType": "NO_AUTH",
          "ApiEndpoint": "ijk0aim1og.execute-api.eu-west-2.amazonaws.com",
          "Stage.$": "$.stage"
        },
        "End": true
      }
    }
  }